1,data/mydataset/mtcnn_align/CharlesDeGaulle/CharlesDeGaulle_5_0.png
1,data/mydataset/mtcnn_align/CharlesDeGaulle/CharlesDeGaulle_6_0.png
1,data/mydataset/mtcnn_align/CharlesDeGaulle/CharlesDeGaulle_8_0.png
1,data/mydataset/mtcnn_align/CharlesDeGaulle/CharlesDeGaulle_17_0.png
1,data/mydataset/mtcnn_align/CharlesDeGaulle/CharlesDeGaulle_11_0.png
1,data/mydataset/mtcnn_align/CharlesDeGaulle/CharlesDeGaulle_1_0.png
1,data/mydataset/mtcnn_align/CharlesDeGaulle/CharlesDeGaulle_7_0.png
1,data/mydataset/mtcnn_align/CharlesDeGaulle/CharlesDeGaulle_18_0.png
1,data/mydataset/mtcnn_align/CharlesDeGaulle/CharlesDeGaulle_3_0.png
1,data/mydataset/mtcnn_align/CharlesDeGaulle/CharlesDeGaulle_10_0.png
1,data/mydataset/mtcnn_align/CharlesDeGaulle/CharlesDeGaulle_16_0.png
1,data/mydataset/mtcnn_align/CharlesDeGaulle/CharlesDeGaulle_15_0.png
1,data/mydataset/mtcnn_align/CharlesDeGaulle/CharlesDeGaulle_9_0.png
1,data/mydataset/mtcnn_align/CharlesDeGaulle/CharlesDeGaulle_2_0.png
1,data/mydataset/mtcnn_align/CharlesDeGaulle/CharlesDeGaulle_12_0.png
1,data/mydataset/mtcnn_align/CharlesDeGaulle/CharlesDeGaulle_4_0.png
1,data/mydataset/mtcnn_align/CharlesDeGaulle/CharlesDeGaulle_13_0.png
1,data/mydataset/mtcnn_align/CharlesDeGaulle/CharlesDeGaulle_14_0.png
2,data/mydataset/mtcnn_align/JeanPaulBelmondo/JeanPaulBelmondo_4_0.png
2,data/mydataset/mtcnn_align/JeanPaulBelmondo/JeanPaulBelmondo_2_1.png
2,data/mydataset/mtcnn_align/JeanPaulBelmondo/JeanPaulBelmondo_7_0.png
2,data/mydataset/mtcnn_align/JeanPaulBelmondo/JeanPaulBelmondo_15_0.png
2,data/mydataset/mtcnn_align/JeanPaulBelmondo/JeanPaulBelmondo_8_0.png
2,data/mydataset/mtcnn_align/JeanPaulBelmondo/JeanPaulBelmondo_21_0.png
2,data/mydataset/mtcnn_align/JeanPaulBelmondo/JeanPaulBelmondo_17_0.png
2,data/mydataset/mtcnn_align/JeanPaulBelmondo/JeanPaulBelmondo_6_0.png
2,data/mydataset/mtcnn_align/JeanPaulBelmondo/JeanPaulBelmondo_12_0.png
2,data/mydataset/mtcnn_align/JeanPaulBelmondo/JeanPaulBelmondo_9_0.png
2,data/mydataset/mtcnn_align/JeanPaulBelmondo/JeanPaulBelmondo_16_0.png
2,data/mydataset/mtcnn_align/JeanPaulBelmondo/JeanPaulBelmondo_11_0.png
2,data/mydataset/mtcnn_align/JeanPaulBelmondo/JeanPaulBelmondo_20_0.png
2,data/mydataset/mtcnn_align/JeanPaulBelmondo/JeanPaulBelmondo_18_0.png
2,data/mydataset/mtcnn_align/JeanPaulBelmondo/JeanPaulBelmondo_14_0.png
2,data/mydataset/mtcnn_align/JeanPaulBelmondo/JeanPaulBelmondo_1_1.png
2,data/mydataset/mtcnn_align/JeanPaulBelmondo/JeanPaulBelmondo_10_0.png
2,data/mydataset/mtcnn_align/JeanPaulBelmondo/JeanPaulBelmondo_13_0.png
2,data/mydataset/mtcnn_align/JeanPaulBelmondo/JeanPaulBelmondo_22_0.png
2,data/mydataset/mtcnn_align/JeanPaulBelmondo/JeanPaulBelmondo_3_0.png
2,data/mydataset/mtcnn_align/JeanPaulBelmondo/JeanPaulBelmondo_23_0.png
2,data/mydataset/mtcnn_align/JeanPaulBelmondo/JeanPaulBelmondo_19_0.png
3,data/mydataset/mtcnn_align/BrigitteBardot/BrigitteBardot_5.png
3,data/mydataset/mtcnn_align/BrigitteBardot/BrigitteBardot_9.png
3,data/mydataset/mtcnn_align/BrigitteBardot/BrigitteBardot_8.png
3,data/mydataset/mtcnn_align/BrigitteBardot/BrigitteBardot_23.png
3,data/mydataset/mtcnn_align/BrigitteBardot/BrigitteBardot_17.png
3,data/mydataset/mtcnn_align/BrigitteBardot/BrigitteBardot_15.png
3,data/mydataset/mtcnn_align/BrigitteBardot/BrigitteBardot_2.png
3,data/mydataset/mtcnn_align/BrigitteBardot/BrigitteBardot_4.png
3,data/mydataset/mtcnn_align/BrigitteBardot/BrigitteBardot_21.png
3,data/mydataset/mtcnn_align/BrigitteBardot/BrigitteBardot_22.png
3,data/mydataset/mtcnn_align/BrigitteBardot/BrigitteBardot_20.png
3,data/mydataset/mtcnn_align/BrigitteBardot/BrigitteBardot_10.png
3,data/mydataset/mtcnn_align/BrigitteBardot/BrigitteBardot_6.png
3,data/mydataset/mtcnn_align/BrigitteBardot/BrigitteBardot_11.png
3,data/mydataset/mtcnn_align/BrigitteBardot/BrigitteBardot_1.png
3,data/mydataset/mtcnn_align/BrigitteBardot/BrigitteBardot_14.png
3,data/mydataset/mtcnn_align/BrigitteBardot/BrigitteBardot_19.png
3,data/mydataset/mtcnn_align/BrigitteBardot/BrigitteBardot_3.png
3,data/mydataset/mtcnn_align/BrigitteBardot/BrigitteBardot_13.png
3,data/mydataset/mtcnn_align/BrigitteBardot/BrigitteBardot_7.png
3,data/mydataset/mtcnn_align/BrigitteBardot/BrigitteBardot_12.png
3,data/mydataset/mtcnn_align/BrigitteBardot/BrigitteBardot_18.png
3,data/mydataset/mtcnn_align/BrigitteBardot/BrigitteBardot_16.png
4,data/mydataset/mtcnn_align/ElisabethReine/ElisabethReine_12.png
4,data/mydataset/mtcnn_align/ElisabethReine/ElisabethReine_7.png
4,data/mydataset/mtcnn_align/ElisabethReine/ElisabethReine_14.png
4,data/mydataset/mtcnn_align/ElisabethReine/ElisabethReine_8.png
4,data/mydataset/mtcnn_align/ElisabethReine/ElisabethReine_13.png
4,data/mydataset/mtcnn_align/ElisabethReine/ElisabethReine_3.png
4,data/mydataset/mtcnn_align/ElisabethReine/ElisabethReine_17.png
4,data/mydataset/mtcnn_align/ElisabethReine/ElisabethReine_2.png
4,data/mydataset/mtcnn_align/ElisabethReine/ElisabethReine_16.png
4,data/mydataset/mtcnn_align/ElisabethReine/ElisabethReine_6.png
4,data/mydataset/mtcnn_align/ElisabethReine/ElisabethReine_9.png
4,data/mydataset/mtcnn_align/ElisabethReine/ElisabethReine_10.png
4,data/mydataset/mtcnn_align/ElisabethReine/ElisabethReine_1.png
4,data/mydataset/mtcnn_align/ElisabethReine/ElisabethReine_15.png
4,data/mydataset/mtcnn_align/ElisabethReine/ElisabethReine_4.png
4,data/mydataset/mtcnn_align/ElisabethReine/ElisabethReine_5.png
4,data/mydataset/mtcnn_align/ElisabethReine/ElisabethReine_11.png
